sample,actual_kw,predicted_kw
1,82.92,88.31104
2,88.39,88.74201
3,77.85,88.46146
4,78.56,89.39231
5,75.94,87.35695
6,92.1,86.0865
7,85.26,84.44299
8,84.23,84.85535
9,86.94,85.81003
10,90.7,85.93211
11,75.84,85.54048
12,70.78,86.11877
13,76.61,83.99008
14,85.34,81.73586
15,73.23,80.39332
16,73.08,81.2922
17,86.04,79.04384
18,78.72,76.80599
19,71.42,78.19624
20,77.77,78.0874
21,81.94,75.78538
22,62.41,74.47885
23,75.54,76.49182
24,69.86,72.91174
25,66.415,72.24619
26,62.97,71.61954
27,78.5,70.20493
28,65.71,68.68437
29,75.83,72.08035
30,65.09,71.33588
31,71.21,73.15214
32,64.38,72.17541
33,49.66,73.30058
34,60.61,72.54293
35,59.7,67.84997
36,65.12,66.38249
37,62.54,65.48674
38,62.12,67.17284
39,55.62,68.14752
40,63.54,68.89138
41,63.58,67.41301
42,70.14,67.98725
43,51.49,68.51608
44,64.02,70.89532
45,54.23,68.04578
46,59.85,68.41242
47,67.42,66.36124
48,55.41,65.85458
49,50.41,68.04138
50,53.88,66.81093
51,45.58,64.5548
52,53.67,63.39939
53,57.91,60.64558
54,41.35,60.86629
55,60.27,62.69962
56,52.33,60.06037
57,67.31,62.49159
58,61.91,62.80785
59,59.76,66.75105
60,50.06,68.32741
61,59.12,68.60255
62,56.57,65.89326
63,61.93,65.69479
64,64.3,65.52328
65,73.4,67.00594
66,49.64,69.26509
67,61.65,73.11364
68,55.71,69.05477
69,66.39,68.09383
70,53.04,66.95541
71,56.28,68.85002
72,65.45,67.07616
73,58.44,66.19363
74,66.86,68.5983
75,64.14,69.07731
76,53.01,71.3403
77,60.99,72.30369
78,78.89,70.06716
79,79.01,70.0742
80,71.58,75.37949
81,64.56,80.50558
82,72.41,80.75378
83,64.12,77.72849
84,67.6,77.31165
85,85.39,75.35436
86,75.31,75.20072
87,74.68,79.72633
88,85.52,81.58994
89,74.94,82.52028
90,66.98,84.43469
91,76.64,84.36161
92,84.53,81.98
93,81.97,82.24178
94,92.97,85.57586
95,78.3,87.65507
96,81.51,92.0541
97,86.85,90.34771
98,78.92,87.84902
99,81.58,87.64693
100,76.19,85.71278
101,84.33,85.23697
102,83.27,83.43327
103,83.45,84.81797
104,89.6,85.46425
105,86.87,85.72947
106,68.3,86.74441
107,89.37,86.25851
108,101.01,83.19087
109,97.48,84.61407
110,68.75,88.23466
111,66.22,90.24096
112,68.78,83.58936
113,74.11,77.91106
114,72.54,75.18979
115,71.86,74.55991
116,88.64,73.86794
117,55.77,72.86877
118,62.57,76.81
119,72.17,72.28328
120,76.99,69.26456
121,58.32,69.69965
122,64.55,71.70611
123,55.9,69.24267
124,72.48,68.07811
125,60.7,66.03745
126,54.86,68.71717
127,55.41,68.61308
128,61.26,66.46044
129,57.23,64.19783
130,63.81,64.25187
131,60.33,64.66523
132,62.46,66.16958
133,54.19,66.89726
134,62.91,67.35844
135,56.38,66.07215
136,65.44,67.99352
137,64.25,67.04945
138,60.82,68.19204
139,68.46,69.1105
140,61.87,69.15833
141,46.09,70.63313
142,55.61,69.88136
143,67.21,65.31808
144,65.45,63.68401
145,93.62,66.08661
146,92.84,68.45915
147,98.16,78.32603
148,100.43,86.27155
149,99.49,92.47886
150,93.16,97.23482
151,81.9,99.82143
152,104.92,98.69258
153,98.35,93.65935
154,87.65,96.55495
155,98.71,98.30222
156,88.94,95.93472
157,95.76,96.96001
158,96.12,95.52361
159,88.36,96.49876
160,94.54,97.42706
161,92.28,96.2058
162,97.63,97.52525
163,95.07,98.29543
164,83.24,99.8829
165,103.3,99.214
166,104.77,94.68375
167,97.84,97.63616
168,101.97,101.529
169,93.27,103.1462
170,107.87,105.0456
171,97.83,102.4706
172,105.55,106.1487
173,111.33,105.5276
174,110.62,106.7784
175,116.48,109.3292
176,121.86,111.5154
177,117.62,116.678
178,99.79,119.6905
179,125.47,120.932
180,131.59,116.9032
181,133.56,123.0255
182,142.78,133.0154
183,148.82,138.3212
184,135.81,148.8973
185,158.71,159.9205
186,171.19,160.1022
187,169.26,163.7299
188,178.95,171.6917
189,178.75,176.4504
190,185.91,185.6063
191,181.83,189.4113
192,205.55,194.0182
193,202.72,189.7225
194,187.52,194.3635
195,186.54,199.1386
196,197.56,195.8099
197,199.77,194.8247
198,193.88,192.9642
199,197.78,190.4968
200,193.66,188.6252
201,171.84,189.0605
202,175.56,187.8329
203,174.05,179.9698
204,174.47,173.5598
205,173.4,170.3212
206,169.06,166.6553
207,152.85,163.9836
208,152.75,160.4186
209,152.62,153.2679
210,153.58,145.7665
211,141.12,141.3438
212,143.97,138.0052
213,134.51,133.8951
214,126.99,129.159
215,112.51,124.2294
216,113.76,119.255
217,105.96,112.9651
218,106.01,108.7467
219,115.51,105.7945
220,100.98,104.8513
221,106.64,108.0563
222,116.86,107.2553
223,93.49,107.2939
224,97.42,110.0304
225,93.66,104.9516
226,98.59,100.4924
227,100.26,96.65708
228,95.91,95.85532
229,96.48,97.0069
230,82.24,95.96241
231,107.84,95.53193
232,84.97,91.55325
233,96.99,96.59559
234,87.84,96.50443
235,92.09,97.43336
236,92.99,96.03737
237,100.17,95.37247
238,93.69,94.95689
239,102.65,97.06178
240,93.16,96.24424
241,133.2,98.43282
242,141.36,97.95872
243,139.48,109.7155
244,152.52,123.7185
245,130.09,132.4727
246,144.13,140.3551
247,144.98,139.4005
248,142.83,139.8228
249,137.42,140.558
250,161.96,140.7433
251,151.7,138.225
252,149.43,145.3013
253,147.05,148.1622
254,156.06,150.217
255,157.16,148.3772
256,137.33,151.4113
257,149.29,154.2363
258,164.22,148.8156
259,160.17,148.3562
260,156.845,154.1898
261,153.52,156.8001
262,159.22,157.705
263,153.99,156.9272
264,168.14,157.6543
265,160.26,155.6196
266,171.88,167.1983
267,183.5,175.4496
268,210.57,185.4355
269,214.72,203.9923
270,239.99,235.1879
271,262.96,267.1586
272,293.04,291.4526
273,314.38,306.6444
274,304.88,312.2387
275,314.58,311.5415
276,286.32,297.2053
277,278.27,280.4215
278,251.8,260.8753
279,228.83,242.6659
280,223.34,230.2382
281,204.65,218.3927
282,211.14,214.527
283,220.25,210.877
284,209.85,210.8978
285,210.87,213.3052
286,213.8,213.268
287,209.43,214.4112
288,212.6,214.7008
289,217.31,217.3801
290,213.1,220.5061
291,209.95,220.4729
292,222.85,218.6865
293,215.88,214.6088
294,205.78,214.5912
295,218.53,212.2182
296,209.44,205.7442
297,209.67,204.1775
298,219.36,202.7083
299,206.1,198.5044
300,205.39,201.0072
301,207.99,200.9056
302,190.25,201.0679
303,198.36,199.6693
304,201.45,197.8929
305,191.85,199.6735
306,210.38,203.1982
307,213.83,209.8852
308,228.52,218.1774
309,249.01,236.104
310,249.94,258.8022
311,263.84,277.8588
312,288.87,292.2338
313,285.71,303.0716
314,288.85,305.6126
315,280.11,296.1966
316,259.29,278.9916
317,237.53,255.8595
318,231.69,230.8075
319,191.8,208.9426
320,189.6,193.5087
321,178.26,180.7967
322,176.86,172.3188
323,172.87,165.9049
324,155.83,162.9277
325,150.68,160.343
326,139.96,157.3354
327,146.74,154.514
328,146.05,150.13
329,150.27,148.0683
330,156.03,146.5686
331,146.75,147.6956
332,152.82,151.013
333,155.135,150.3275
334,157.45,148.6538
335,155.04,144.8267
336,140.73,137.1099
337,109.12,124.6277
338,113.86,113.978
339,101.48,104.5758
340,109.12,103.5144
341,117.48,102.734
342,111.14,105.2531
343,102.67,110.7613
344,119.39,113.1668
345,117.6,111.6783
346,115.47,115.1472
347,111.22,116.8939
348,111.09,117.5292
349,116.93,116.4459
350,103.72,114.4046
351,129.29,114.7341
352,106.87,111.4998
353,121.95,118.2188
354,124.88,117.4365
355,99.04,118.4163
356,113.42,120.8423
357,128.29,114.4884
358,109.79,113.3021
359,121.44,118.303
360,124.7,116.9559
361,128.5,118.7346
362,117.79,123.1348
363,121.29,128.6786
364,138.46,128.7366
365,140.24,129.6993
366,130.63,134.804
367,143.34,141.2839
368,138.86,143.3252
369,151.5,148.943
370,147.03,150.9294
371,147.61,153.7522
372,164.38,156.0191
373,161.85,160.2156
374,163.36,166.4356
375,161.99,168.4518
376,171.87,170.2342
377,177.92,169.6005
378,181.42,173.864
379,207.22,178.0715
380,184.91,186.5323
381,185.72,200.7469
382,222.17,202.9136
383,222.2,205.1466
384,205.49,219.2721
385,239.88,228.3
386,227.97,227.3454
387,243.45,239.0283
388,236.31,243.7851
389,246.54,247.5309
390,244.18,249.7138
391,259.44,250.8201
392,253.79,254.9247
393,241.24,257.0409
394,243.33,259.416
395,241.34,256.6752
396,251.12,251.5621
397,237.97,245.6634
398,232.08,243.0561
399,228.89,239.2058
400,220.84,232.7409
401,213.08,224.9305
402,215.77,217.1867
403,222.37,209.5261
404,212.81,205.3159
405,202.45,204.0371
406,207.55,200.487
407,186.97,194.2626
408,181.63,188.0536
409,181.75,183.9235
410,169.44,179.104
411,168.51,174.0644
412,162.87,168.5908
413,158.64,163.7066
414,143.32,157.1037
415,143.99,153.2398
416,138.54,147.6686
417,145.32,143.1029
418,137.19,139.3857
419,143.52,137.4156
420,116.72,135.9341
421,124.86,134.6853
422,122.78,130.0922
423,114.77,127.1756
424,121.32,124.6859
425,102.3,121.2555
426,107.52,119.2499
427,110.27,114.3841
428,109.09,111.2731
429,115.87,109.7204
430,124.84,108.6345
431,115.17,109.5781
432,100.77,111.3974
433,101.105,111.1592
434,101.44,106.7417
435,124.43,103.2275
436,111.94,102.3977
437,114.69,109.2709
438,127.14,111.39
439,113.74,112.9733
440,127.51,118.1462
441,119.94,118.5631
442,123.99,121.3531
443,130,121.4541
444,116.89,122.4613
445,124.3,126.3781
446,116.94,124.1131
447,121.26,123.878
448,120.33,122.0394
449,112.86,121.6907
450,135.61,121.8979
451,112.64,119.7482
452,120.39,125.2827
453,121.04,123.0583
454,119.99,122.458
455,131.12,123.3633
456,126.94,123.5872
457,125.68,126.6038
458,124.36,129.2155
459,131.48,130.7135
460,131.39,131.3896
461,137.21,133.8855
462,144.31,138.3604
463,135.91,141.9678
464,159.95,149.6909
465,149.24,151.8641
466,152.52,158.5137
467,152.03,156.927
468,154.72,156.7903
469,161.46,158.3325
470,168.2,160.4483
471,186.57,163.956
472,167.59,167.824
473,174.01,175.753
474,176.24,180.0979
475,185.17,183.6321
476,196.68,188.6921
477,209.15,194.9768
478,200.27,203.8258
479,212.12,210.1899
480,217.75,213.8925
481,230.68,220.9451
482,233.655,228.3036
483,236.63,237.7719
484,239.42,243.8859
485,243.08,249.4417
486,257.38,252.9782
487,253.75,252.9557
488,235.06,255.8955
489,262.02,258.8287
490,237.92,250.1077
491,246.53,254.349
492,257.54,252.4762
493,241.65,249.0153
494,242.78,245.5739
495,232.48,238.6626
496,231.83,232.4665
497,225.77,225.6786
498,213.8,222.4242
499,204.94,219.2893
500,210.3,211.6631
501,209.99,205.5956
502,202.18,198.6595
503,191.41,194.1836
504,181.76,188.6037
505,170.32,180.9506
506,164.57,176.0655
507,165.73,167.2049
508,164.61,159.9341
509,157.35,156.1923
510,156.23,153.4429
511,140.45,149.7012
512,154.96,147.2319
513,141.07,143.9974
514,134.1,142.6538
515,135.77,139.6404
516,138.34,136.0749
517,128.47,133.2453
518,130.64,132.4645
519,130.59,129.75
520,119.87,128.5927
521,124.63,128.2076
522,116.45,124.7126
523,104.08,122.3794
524,127.78,119.2313
525,114.98,114.1726
526,117.36,114.9856
527,110.81,114.9053
528,125.44,113.1341
529,93.59,110.879
530,103.78,113.2005
531,108.07,106.415
532,101.93,103.892
533,102.19,104.38
534,90.49,104.6304
535,103.28,105.1799
536,109.32,100.9396
537,90.44,101.6575
538,103.18,104.582
539,104.72,101.1773
540,103.12,102.2437
541,100.28,104.6532
542,100.49,105.1839
543,92.61,104.5424
544,117.13,104.6314
545,104.07,102.7225
546,111.06,107.6152
547,92.91,107.8727
548,103.72,109.179
549,115.61,104.5694
550,116.5,104.6833
551,104.53,109.2911
552,115.44,113.8094
553,121.06,111.8792
554,105.1,114.0545
555,124.23,118.9479
556,120.18,116.3835
557,119.02,120.3934
558,118.38,123.1753
559,127.51,125.159
560,120.72,125.1997
561,127.19,128.4393
562,135.25,129.1099
563,122.98,132.9598
564,140.47,137.2411
565,144.78,137.5539
566,142.04,142.8285
567,151.71,153.0469
568,159.4,158.1521
569,165.06,164.713
570,164.54,171.8497
571,180.05,177.4039
572,181.83,180.1108
573,190.41,186.6305
574,176.96,192.8742
575,200.18,196.5878
576,203.22,193.0934
577,188.59,195.6878
578,196.03,200.8416
579,191.46,197.9802
580,209.22,198.988
581,191.07,199.2941
582,196.43,200.716
583,197.11,196.0998
584,186.57,192.5514
585,195.14,193.0341
586,190.27,187.541
587,177.04,183.871
588,179.37,182.3091
589,183.74,176.261
590,164.82,171.7905
591,181.49,169.6649
592,152.61,165.2005
593,162.7,162.213
594,156.09,154.0431
595,154.34,149.2358
596,156.67,143.8664
597,144.56,138.3617
598,119.96,137.3757
599,117.78,133.8969
600,136.18,128.0483
601,130.12,120.5728
602,115.32,119.0967
603,116.77,118.1151
604,105.19,115.3461
605,101.39,114.3382
606,109.58,110.4277
607,97.21,106.4187
608,103.12,105.3129
609,111.88,102.2374
610,104.51,103.0019
611,101.46,104.0689
612,101.32,103.7838
613,99.02,103.6955
614,96.3,103.1143
615,93.58,102.4697
616,108.43,99.6401
617,108.815,96.77834
618,109.2,100.4201
619,95.64,104.8644
620,94.44,107.4566
621,90.79,104.1434
622,99.06,101.7494
623,94.22,98.77028
624,101.62,97.99822
625,149.84,96.81807
626,144.66,99.17035
627,137.37,117.4883
628,157.04,129.7121
629,139.15,134.1317
630,142.63,143.0527
631,158.39,143.5547
632,166.06,142.6371
633,152.06,147.2347
634,160.93,153.102
635,162.31,152.3185
636,161.99,155.2067
637,146.36,157.9728
638,158.48,159.1697
639,164.51,154.1927
640,154.97,155.1934
641,171.73,159.4268
642,171.62,159.3901
643,169.09,164.1414
644,166.63,168.4592
645,169.07,169.9596
646,160.69,168.8173
647,165.77,170.6048
648,155.71,167.1428
649,162.46,166.7427
650,174.39,167.811
651,184.91,173.4287
652,222.43,188.8931
653,221.04,211.1406
654,245.54,246.9625
655,275.05,274.6521
656,292.55,295.1134
657,304.3,313.5002
658,314.9,315.7885
659,309.85,310.8624
660,297.12,297.6919
661,265.81,281.6257
662,240.94,261.9655
663,244.32,243.1793
664,225.02,229.0404
665,224.23,222.858
666,212.73,218.3839
667,204.9,217.1961
668,211.69,215.9809
669,226.53,213.7398
670,212.25,217.0179
671,219.06,221.7679
672,224.3,223.0183
673,224.34,222.5754
674,227.62,221.2041
675,227.97,223.2401
676,221.29,225.244
677,217.48,225.0282
678,216.53,225.3849
679,239.25,221.0018
680,233.51,216.241
681,206.31,215.2221
682,218.33,217.6801
683,217.42,211.3011
684,215.63,209.7466
685,202.63,205.9148
686,206.53,206.6417
687,218.67,203.8051
688,195.45,204.4601
689,198.2,209.5214
690,206.35,208.9519
691,210.29,206.5777
692,218.26,221.1823
693,234.94,237.7379
694,255.2,258.5874
695,266.43,279.9786
696,280.88,293.0683
697,300.13,298.4867
698,308.82,300.1902
699,292.655,295.3495
700,276.49,279.6793
701,244.94,257.7339
702,213.77,234.1837
703,203.4,211.6493
704,182.12,193.8084
705,181.44,182.7276
706,175.61,172.82
707,151.27,166.3202
708,168.72,162.8337
709,165.01,158.4176
710,146.93,157.0462
711,153.42,157.0084
712,167.9,154.7526
713,149.18,153.055
714,147.01,155.9205
715,150.65,154.9629
716,134.28,152.2509
717,147.51,149.2646
718,155.94,144.0931
719,159.96,136.4554
720,140.65,122.7551
721,84.2,111.8992
722,95.44,109.5143
723,90.18,99.18313
724,77.49,97.38554
725,89.9,98.04271
726,83.49,91.78576
727,93.58,90.08899
728,73.33,89.57581
729,86.12,92.05837
730,96.5,88.48036
731,84.1,88.36731
732,95.11,91.80634
733,82.8,91.08347
734,95.41,93.81058
735,103.02,92.60689
736,94.08,93.87344
737,92.9,97.33251
738,100.61,98.10269
739,97.93,98.37109
740,95.29,99.81421
741,102.3,100.7142
742,102.52,100.2057
743,96.01,101.5949
744,102.92,103.0735
745,96.63,102.3552
746,113.56,103.5517
747,117.21,103.665
748,114.27,109.3999
749,118.88,115.0314
750,109.72,116.5062
751,127.48,119.1916
752,115.67,120.2142
753,131.61,125.0839
754,126.86,125.5785
755,126.61,130.8579
756,130.66,134.1892
757,118.22,136.9542
758,141.12,143.4522
759,141.89,143.8133
760,153.17,150.8791
761,149.44,156.4766
762,161.88,162.5043
763,162.565,166.1827
764,163.25,170.3204
765,175.39,174.6507
766,172.11,179.1402
767,182.46,182.2367
768,182.41,182.6541
769,183.06,184.7595
770,187.55,184.087
771,194.63,182.4746
772,200.91,184.8351
773,199.37,186.6987
774,196.59,188.9205
775,179.37,191.949
776,188.84,192.7908
777,197.13,187.7405
778,189.61,184.0657
779,181.52,184.7991
780,177.21,181.0551
781,179.57,175.645
782,170.39,171.0032
783,181.08,167.5051
784,162.67,164.0242
785,153.81,162.8899
786,142.23,156.6451
787,136.92,149.9606
788,141.51,142.4137
789,128.51,134.8789
790,134.97,129.0236
791,133.27,123.0963
792,97.06,121.104
793,99.76,120.9178
794,107.77,112.9843
795,104.73,106.0841
796,108.31,104.0313
797,110.46,102.9123
798,101.46,103.686
799,103.29,106.2214
800,105.53,105.9329
801,100.61,104.9188
802,95.44,104.7444
803,89.51,103.6021
804,94.93,100.372
805,99.32,95.87059
806,95.06,93.23518
807,84.41,93.45953
808,86.29,95.22408
809,101.01,93.03728
810,98.19,91.83781
811,82.81,96.08869
812,100.79,98.0222
813,76.29,94.18369
814,101,96.34724
815,84.98,91.77045
816,82.74,94.0652
817,96.31,92.30362
818,94,89.8596
819,79.56,92.15135
820,95.66,94.00055
821,98.37,91.02309
822,90.99,92.96252
823,99.43,96.52393
824,86.25,96.62731
825,89.1,98.28821
826,95.76,95.40743
827,80.93,94.60993
828,82.8,95.81284
829,99.3,92.12389
830,99.06,89.01497
831,104.58,93.48203
832,104.87,97.44228
833,97.79,101.2673
834,92.87,103.8452
835,91.74,102.7703
836,105.81,100.1349
837,89.96,98.01526
838,104.76,101.4234
839,97.55,99.782
840,107.01,101.7495
841,112.07,101.6109
842,101.69,105.3947
843,98.18,110.5262
844,107.82,109.6165
845,100.65,107.963
846,107.65,109.8239
847,107.27,108.6571
848,110.3,110.6114
849,118.05,111.7553
850,119.78,114.8334
851,128.23,119.3069
852,111.24,124.0718
853,132.35,128.7552
854,143.84,127.4211
855,154.83,133.1349
856,142.54,142.5327
857,155.3,156.0119
858,156.55,160.9941
859,165.51,167.9738
860,171.26,173.6922
861,178.41,176.0584
862,189.22,180.1056
863,188.74,182.6416
864,171.36,189.1517
865,190.71,192.048
866,189.19,186.448
867,178.48,188.351
868,187.42,190.5685
869,181.6,187.2526
870,180.42,186.0472
871,181.28,183.9988
872,178.56,182.4706
873,184.19,179.1309
874,174.45,174.6337
875,169.08,173.0847
876,164.51,169.8388
877,159.58,165.8012
878,161,162.6231
879,156.54,158.037
880,158.31,154.4727
881,158.96,149.8427
882,150.88,145.3669
883,141.54,142.0266
884,133.57,137.772
885,124.78,132.671
886,111.27,127.2471
887,119.87,120.9726
888,119.48,114.2781
889,111.26,111.6584
890,105.38,110.5242
891,107.21,108.0851
892,110.91,105.565
893,105.6,104.3641
894,90.33,105.1867
895,91.8,105.5213
896,93.16,101.3665
897,95.75,98.78931
898,90.56,95.95656
899,95.45,94.54348
900,89.12,93.66372
901,92.44,93.6578
902,95.4,92.13528
903,91.98,92.88875
904,92.12,94.61151
905,96.37,94.3924
906,88.58,93.72464
907,99.85,95.30782
908,90.09,94.21513
909,92.18,95.9645
910,90.18,95.50838
911,83.54,94.80931
912,80.14,93.30173
913,45.3,91.04922
914,46.17,88.21596
915,54.68,76.72475
916,59.11,67.57845
917,44.78,64.14635
918,55.03,63.96355
919,54.22,61.16971
920,51.13,61.98367
921,57.88,63.18569
922,54.98,62.39565
923,56.14,63.77159
924,55.74,64.12457
925,59.17,64.63301
926,56.18,64.99049
927,53.19,65.55325
928,63.4,65.15861
929,55,64.09724
930,59.18,66.19235
931,50.78,65.90246
932,52.6,66.32571
933,62.04,64.65889
934,58.48,63.68459
935,73.55,65.77657
936,56.22,66.70708
937,57.08,70.94221
938,60.53,70.81493
939,61.74,70.15279
940,67.85,70.34798
941,60.69,70.27934
942,55.67,71.73689
943,61.23,70.52756
944,59.99,69.24861
945,58.19,69.38559
946,60.07,68.89726
947,65.24,68.22552
948,67.21,68.79649
949,78.29,70.57573
950,72.26,72.97911
951,67.33,76.5284
952,74.62,77.6006
953,75.38,78.0324
954,79,79.46477
955,70.33,80.46714
956,74.82,82.5517
957,72.96,82.10442
958,70.89,81.20771
959,80.25,81.78306
960,84.33,80.51483
961,74.53,81.90336
962,85.1,83.59991
963,74.96,82.97012
964,65.69,83.57914
965,79.56,83.67879
966,78.11,80.38099
967,80.45,79.81728
968,81.46,80.53951
969,85.49,80.566
970,72.68,81.1002
971,69.23,82.37641
972,62.2,80.05563
973,80.49,77.39351
974,66.61,73.99874
975,94.53,74.76726
976,64.55,72.27232
977,78.45,76.14896
978,78.27,74.30639
979,72.96,75.17207
980,56.89,76.13698
981,57.62,74.74454
982,68.9,70.86459
983,82.24,66.44694
984,59.06,66.40778
985,60.94,70.40327
986,57.25,68.21184
987,65.09,66.53974
988,57.29,64.97574
989,61.92,65.72224
990,64.6,64.8642
991,49.09,66.01928
992,56.23,68.1284
993,52.58,64.88826
994,50.25,63.9903
995,54.31,62.83071
996,63.94,61.29737
997,60.89,61.23453
998,51.35,63.67064
999,71.06,65.34975
1000,51.83,63.91756
1001,65.28,67.92333
1002,65.63,66.74304
1003,47.17,68.03062
1004,52.95,69.31316
1005,54.68,65.33816
1006,67.68,63.54342
1007,56.24,63.03769
1008,59.32,65.88425
1009,108.87,65.58986
1010,98.36,66.01745
1011,98.72,80.78579
1012,98.21,90.67826
1013,104.64,96.37
1014,98.47,99.4975
1015,102.88,102.231
1016,98.48,102.18
1017,104.7,102.3188
1018,110.92,100.8631
1019,97.21,101.8603
1020,105.05,105.4705
1021,96.91,104.5432
1022,99.33,104.8544
1023,98.26,103.498
1024,98.29,102.8092
1025,121.72,101.7479
1026,89.31,101.9042
1027,109.43,108.9685
1028,111.99,104.8597
1029,113.76,106.9284
1030,116.51,109.6154
1031,117.81,112.3658
1032,110.6,115.2787
1033,109.95,118.016
1034,109.98,118.844
1035,146.08,117.1262
1036,126.39,117.1844
1037,124.92,127.6912
1038,125.89,132.3088
1039,140.24,131.9562
1040,140.94,132.1908
1041,136.06,140.7438
1042,150.74,145.4271
1043,151.6,143.4213
1044,146.23,147.1438
1045,143.11,148.7082
1046,160.59,149.4738
1047,160.1,149.4135
1048,161.4,156.6668
1049,172.96,160.9653
1050,160.06,164.229
1051,182.21,170.5534
1052,198.34,172.9374
1053,200.4,179.9301
1054,189.36,191.8052
1055,202.35,198.911
1056,197.67,203.8968
1057,220.84,211.3564
1058,214.85,213.1234
1059,213.51,218.6495
1060,211.02,220.58
1061,227.64,222.5951
1062,213.48,222.7498
1063,228.35,227.6538
1064,234.48,226.7184
1065,217.2,227.9419
1066,235.74,231.5949
1067,221.8,226.6703
1068,228.99,226.2155
1069,228.57,225.3531
1070,228.95,222.9012
1071,216.03,219.7274
1072,215.07,217.558
1073,207.57,212.7413
1074,202.47,207.7573
1075,195.54,200.5661
1076,192.59,193.568
1077,181.58,188.6805
1078,183.04,182.9279
1079,178.39,175.9612
1080,177.2,172.4647
1081,165.98,167.5422
1082,158.09,165.0944
1083,137.23,160.9858
1084,146.99,155.8346
1085,138.28,147.9113
1086,146.79,142.4813
1087,132.69,138.2806
1088,126.48,137.372
1089,131.98,134.3118
1090,126.45,129.5842
1091,122.32,127.4607
1092,97.17,125.1935
1093,109.97,123.0625
1094,117.36,116.6845
1095,117.99,113.3619
1096,109.69,112.8155
1097,102.08,113.1363
1098,99.63,111.5499
1099,94.06,109.0612
1100,111.81,106.9367
1101,101.84,102.9919
1102,101.78,104.6483
1103,107.28,104.7632
1104,105.41,102.6059
1105,108.07,101.702
1106,96.89,101.5615
1107,109.85,102.9266
1108,102.86,101.2844
1109,111.42,103.6571
1110,107.03,104.1646
1111,100.55,107.1754
1112,103,107.9439
1113,107.2,106.0486
1114,96.55,106.3739
1115,111.01,107.9267
1116,108.77,104.9606
1117,104.46,106.6189
1118,109.55,109.0684
1119,112.81,108.5713
1120,107.06,108.9895
1121,109.29,111.1037
1122,116.12,110.68
1123,118.18,111.5535
1124,106.24,114.3122
1125,120.51,117.5289
1126,125.49,114.674
1127,110.78,115.7943
1128,113,119.2622
1129,120.61,117.7689
1130,128.55,119.1764
1131,119.2,122.8263
1132,140.48,127.8986
1133,138.27,126.8707
1134,125.94,134.4614
1135,141.6,139.0954
1136,137.71,140.108
1137,144.5,143.7763
1138,156.54,143.383
1139,151.5,144.752
1140,153.69,151.8882
1141,155.46,155.2724
1142,152.9,156.7947
1143,157.83,157.7889
1144,156.04,158.4683
1145,184.95,161.2378
1146,167.07,162.9784
1147,184.17,174.1605
1148,171.74,179.9831
1149,182.84,188.3437
1150,191.01,189.4898
1151,191.08,192.985
1152,202.85,198.221
1153,203.32,201.6348
1154,213.46,208.1565
1155,216.07,213.6513
1156,219.19,219.9613
1157,222.31,225.9787
1158,236.42,227.4476
1159,232.06,230.2841
1160,236.93,233.0354
1161,219.58,235.8795
1162,226.75,234.1547
1163,235.96,232.4167
1164,236.95,229.8235
1165,217.4,228.7845
1166,223.02,226.1317
1167,200.47,221.909
1168,217.08,217.6047
1169,211.95,210.6358
1170,208.41,203.7404
1171,193.62,201.1705
1172,198.51,197.9009
1173,185.99,190.7721
1174,182.5,185.8206
1175,176.48,179.008
1176,170.99,172.7434
1177,169.61,169.1708
1178,152.88,165.2694
1179,161.15,162.0023
1180,149.46,155.146
1181,145.25,151.3856
1182,142.17,148.294
1183,145.57,144.2422
1184,133.26,140.6709
1185,133.53,139.0678
1186,116.44,134.75
1187,120.03,131.2661
1188,120.57,126.9359
1189,122.24,124.3095
1190,106.08,122.2264
1191,124.23,121.0473
1192,111.13,116.8716
1193,108.53,117.0145
1194,111.74,115.5185
1195,116.6,113.181
1196,118.05,112.474
1197,93.09,112.3949
1198,109.83,112.337
1199,108.32,105.6453
1200,105.46,103.2211
1201,142.77,102.4916
1202,145.11,102.4235
1203,152.05,113.9335
1204,135.64,126.3291
1205,143.45,136.4302
1206,141.82,139.0533
1207,142.1,139.6487
1208,142.69,139.0961
1209,158.08,140.2409
1210,143.97,140.572
1211,150.67,146.0028
1212,155.79,145.9755
1213,142.2,146.1703
1214,150.83,149.3346
1215,151.19,148.309
1216,149.92,148.5369
1217,150.03,151.7653
1218,154.48,152.1468
1219,154.79,150.7492
1220,149.36,152.7931
1221,148.6,153.7257
1222,167.91,152.221
1223,159.87,150.2718
1224,174.71,156.3401
1225,176.14,159.4269
1226,173.58,168.7517
1227,178.11,180.3087
1228,195.27,190.7073
1229,224.57,203.5798
1230,223.42,224.2799
1231,254.29,251.5811
1232,284.8,270.9001
1233,300.38,288.8344
1234,303.15,299.3797
1235,281.01,296.3678
1236,288.51,284.9988
1237,272.97,263.6081
1238,252.03,248.0079
1239,228.53,236.2633
1240,219.47,227.4083
1241,213.05,219.2403
1242,205.91,213.4554
1243,211.43,213.1661
1244,200.22,211.4968
1245,211.45,212.5346
1246,205.71,214.075
1247,211.73,214.989
1248,210.56,214.7828
1249,208.22,216.1583
1250,213.78,218.0401
1251,220.31,216.8352
1252,211.46,213.3128
1253,216.03,213.7543
1254,207.29,211.3388
1255,212.73,211.0441
1256,200.83,205.7913
1257,215.19,203.8343
1258,210.23,200.0765
1259,206.52,201.4596
1260,201.24,202.5991
1261,195.69,200.2242
1262,195.67,201.3813
1263,187.27,198.1775
1264,189.62,192.3438
1265,202.81,192.5569
1266,202.75,193.7906
1267,199.38,204.1107
1268,203.13,216.1201
1269,225.81,233.4481
1270,240.27,246.005
1271,254.73,263.4938
1272,276.24,276.5795
1273,284.27,284.9435
1274,283.94,288.212
1275,264.2,283.381
1276,259.26,269.9503
1277,241.75,247.4359
1278,220.99,225.4363
1279,198.48,207.1526
1280,191.12,191.8248
1281,178,179.5438
1282,166.44,171.8429
1283,153.58,166.469
1284,161.3,161.8482
1285,158.04,155.7659
1286,150.84,155.3452
1287,157.9,155.1333
1288,159.07,153.3672
1289,144.06,153.5884
1290,150.05,153.6118
1291,160.12,150.6363
1292,133.01,149.5633
1293,144.22,150.3273
1294,154.82,143.1997
1295,147.8,135.8981
1296,150.57,124.7769
1297,93.71,113.1071
1298,91.37,111.2624
1299,102.82,101.6734
1300,92.4,95.86353
1301,94.06,97.13325
1302,96.47,96.76133
1303,108.71,95.70921
1304,99.95,96.16885
1305,94.2,100.6862
1306,97.72,102.3736
1307,90.71,100.9597
1308,100.67,100.8466
1309,96.61,99.04137
1310,104.16,100.0191
1311,102.09,100.1123
1312,75.29,102.2294
1313,100.07,102.9574
1314,93.35,95.70197
1315,101.41,97.14634
1316,107.58,97.52837
1317,102.12,100.1313
1318,119.39,103.915
1319,97.18,104.9054
1320,108.93,110.5471
1321,97.72,107.9366
1322,108.85,109.2271
1323,115.07,107.6467
1324,111.87,109.879
1325,112.86,113.1818
1326,111.81,115.0429
1327,108.99,116.8369
1328,117.64,118.3936
1329,121.1,119.079
1330,133.51,122.4479
1331,131.17,126.2424
1332,121.22,131.7782
1333,135.19,136.1042
1334,141.27,136.6894
1335,164.08,143.6464
1336,150.5,152.0247
1337,181.73,164.5199
1338,160.87,166.5781
1339,179.82,177.5658
1340,174.77,181.1068
1341,183.73,184.7
1342,188.75,186.4017
1343,176.42,189.0758
1344,198.33,192.5214
1345,199.32,190.1142
1346,209.24,195.1003
1347,183.59,197.8793
1348,200.6,200.471
1349,203.45,194.0207
1350,192.94,193.9351
1351,189.63,196.0884
1352,174.27,191.1371
1353,200.45,187.2606
1354,192.16,181.7914
1355,183.87,182.0068
1356,176.48,183.8872
1357,178.71,177.2818
1358,172.2,173.2897
1359,152.68,169.3581
1360,152.8,164.3404
1361,160.74,156.0015
1362,156.19,150.2601
1363,147.88,146.8306
1364,131.01,143.68
1365,132.64,138.5935
1366,137.63,132.3106
1367,126.49,126.7921
1368,114.48,123.315
1369,107.43,120.4278
1370,121.41,115.635
1371,117.97,111.9019
1372,109.71,112.197
1373,110.46,112.952
1374,89.92,112.0399
1375,104.89,110.7396
1376,110.31,105.4071
1377,98.81,103.5005
1378,101.09,103.7392
1379,94.55,102.13
1380,102.64,101.3744
1381,103.31,99.29126
1382,96.34,99.55688
1383,103.67,101.142
1384,84.47,100.5369
1385,91.73,101.4032
1386,95.18,96.19364
1387,100.07,93.74056
1388,91.46,94.47814
1389,99.09,97.46048
1390,83.22,97.09055
1391,93.01,99.19673
1392,95.63,95.71535
1393,91.46,94.72776
1394,94.12,95.50689
1395,104.69,95.79681
1396,89.87,96.09248
1397,87.04,100.1525
1398,95.79,98.18448
1399,114.42,94.84557
1400,106.86,95.94359
1401,100.7,102.7083
1402,90.17,105.9163
1403,107.49,105.7796
1404,95.85,101.8166
1405,91.56,103.7439
1406,112.35,102.1216
1407,101.93,98.84238
1408,99.55,103.2337
1409,110.98,104.5474
1410,107.14,104.8689
1411,117.16,107.9921
1412,107.79,109.0389
1413,101.5,112.5288
1414,106.96,112.5475
1415,104.36,110.1774
1416,104.4,109.3001
1417,111.28,108.3955
1418,113.93,108.1438
1419,118.17,110.8109
1420,104.86,114.8973
1421,113.74,117.8373
1422,126.66,116.1781
1423,120.86,116.5682
1424,125.92,121.0798
1425,134.85,123.1757
1426,106.24,128.8788
1427,128.65,134.3956
1428,136.44,128.6121
1429,138.06,130.4601
1430,145.62,137.2287
1431,151.56,146.1809
1432,160.35,153.931
1433,158.3,160.4188
1434,177.33,167.9996
1435,171.31,173.7693
1436,178.28,182.2057
1437,186.64,185.1189
1438,200.06,187.2522
1439,196.12,191.7428
1440,180.89,195.6488
1441,189.37,198.1728
1442,203.88,197.415
1443,207.37,199.0671
1444,195.82,200.4591
1445,204.07,199.8475
1446,189.07,196.2361
1447,184.22,197.129
1448,197.93,192.1988
1449,180.62,186.8792
1450,185.75,184.0981
1451,189.91,180.023
1452,176.16,177.6916
1453,175.34,175.4739
1454,176.59,171.5365
1455,155.01,167.014
1456,155.52,162.7589
1457,160.99,158.3816
1458,162.33,152.8663
1459,152.68,149.0402
1460,153.76,145.8632
1461,136.46,141.5426
1462,130.07,137.5488
1463,128.9,131.0901
1464,116.31,124.294
1465,119.23,120.8394
1466,129.72,117.6376
1467,105.48,115.2696
1468,109.12,116.6632
1469,115.3,112.7284
1470,114.12,110.1831
1471,107.15,109.8944
1472,116.58,110.7754
1473,104.92,109.768
1474,102.28,109.8472
1475,96.99,108.0943
1476,104.54,106.3592
1477,112.83,101.5818
1478,105.8,101.1171
1479,102.51,104.8453
1480,111.22,106.5537
1481,110.32,105.2166
1482,100.7,106.8761
1483,99.42,107.7189
1484,105.3,106.5507
1485,104.58,104.8672
1486,102.22,105.1303
1487,110.57,105.6333
1488,99.07,104.6657
1489,100.15,106.2589
1490,95.94,104.3096
1491,103.51,103.4998
1492,97.55,102.5109
1493,111.06,103.3652
1494,93.54,102.2561
1495,99.77,106.3983
1496,84.74,104.197
1497,108.81,102.8382
1498,102.69,98.15612
1499,97.48,101.8457
1500,96.22,103.6588
1501,98.34,102.8832
1502,107.56,101.6533
1503,89.39,101.3565
1504,100.51,104.8193
1505,108.86,101.6528
1506,113.91,101.1914
1507,111.79,104.2275
1508,104.14,108.6559
1509,103.59,111.2141
1510,98.62,109.9863
1511,108.27,107.9961
1512,112.27,105.2054
1513,99.68,106.6816
1514,117.93,110.0282
1515,122.67,109.3591
1516,120.57,113.3326
1517,115.22,118.5144
1518,122.93,120.6383
1519,117.09,120.6492
1520,114.13,122.7428
1521,122.12,124.3078
1522,140.78,124.2487
1523,140.59,127.0908
1524,144.09,134.5741
1525,145.45,143.6901
1526,139.7,150.955
1527,159.36,155.5693
1528,162.46,158.5298
1529,153.86,167.4743
1530,171.38,175.0375
1531,180.5,177.4079
1532,186.61,183.1901
1533,188.49,190.7917
1534,198.34,198.1725
1535,205.23,199.8922
1536,198.5,203.4865
1537,203.29,204.9334
1538,202.61,204.4391
1539,218.72,204.4979
1540,206.12,205.9258
1541,202.62,207.6579
1542,204.83,206.8884
1543,191.99,201.1959
1544,197.95,198.3247
1545,197.22,194.169
1546,193.35,190.9396
1547,192.46,189.0929
1548,179.93,184.9918
1549,176.58,183.3876
1550,164.3,178.2026
1551,177.6,171.7836
1552,167.97,164.5796
1553,164.77,162.4185
1554,168.89,159.4849
1555,157.11,154.2349
1556,160.09,150.4813
1557,146.86,144.5881
1558,138.3,141.025
1559,142.59,135.8394
1560,116.48,130.689
1561,116.09,127.4869
1562,109.68,122.0566
1563,113.01,117.7808
1564,101.66,114.0893
1565,115.42,113.0242
1566,106.95,108.6421
1567,102.55,108.3946
1568,114.38,107.2656
1569,93.39,105.3393
1570,111.3,106.9463
1571,110.27,102.7007
1572,112.69,104.1438
1573,102.75,105.9028
1574,116.75,107.8828
1575,105.02,106.9935
1576,102.61,109.5304
1577,116.16,108.2734
1578,95.63,106.1191
1579,99.4,108.7667
1580,97.48,105.664
1581,103.97,103.4189
1582,104.78,102.8522
1583,94.18,103.2986
1584,107.1,103.1013
1585,158.37,100.649
1586,153.58,102.5907
1587,154.73,121.7475
1588,150.19,137.1357
1589,155.37,145.822
1590,148.22,148.3796
1591,144.76,150.8484
1592,142.75,149.6639
1593,171.93,147.2304
1594,164.41,144.1774
1595,167.36,152.3524
1596,155.26,157.9981
1597,165.48,162.0809
1598,159.37,159.3081
1599,177.51,161.1378
1600,170.13,160.7051
1601,155.15,165.7999
1602,163.77,168.0825
1603,165.61,163.546
1604,162.44,165.035
1605,169.85,165.0785
1606,172.28,164.0284
1607,181.47,166.9429
1608,173.98,170.923
1609,184.86,175.3379
1610,181.18,182.6901
1611,204.77,192.7693
1612,216.51,202.922
1613,216.66,223.1028
1614,259.84,254.2407
1615,272.54,280.8042
1616,289.76,309.9437
1617,312.8,321.6117
1618,318.68,322.4154
1619,315.07,315.7107
1620,295.19,302.1685
1621,284.53,283.2685
1622,254.44,263.3855
1623,237.19,248.7917
1624,238.26,235.6481
1625,227.02,225.5794
1626,221.8,221.4356
1627,215.27,218.735
1628,221.1,221.2314
1629,213.76,223.0047
1630,223.11,222.632
1631,222.54,222.2243
1632,218.01,225.9827
1633,230.8,227.6466
1634,217.01,227.3041
1635,218.54,230.5424
1636,221.4,227.6554
1637,228.07,223.2321
1638,226.48,220.8976
1639,221.25,220.122
1640,216.02,219.1443
1641,222.32,217.4781
1642,210.96,216.1756
1643,214.26,213.008
1644,215.55,208.2881
1645,215.72,205.9738
1646,201.47,203.4849
1647,217.18,200.4352
1648,196.4,201.4674
1649,211.17,207.6659
1650,210.64,206.1225
1651,211.63,213.8641
1652,231.2,231.863
1653,252.09,244.0422
1654,262.01,266.9749
1655,275.3,286.9271
1656,283.01,302.9188
1657,307.75,311.3232
1658,292.59,305.9552
1659,293.68,299.4893
1660,277.44,283.5969
1661,252.7,263.8699
1662,237.77,238.3713
1663,219.31,216.4761
1664,181.66,198.1439
1665,184.02,187.0086
1666,168.79,176.5106
1667,176.16,170.3469
1668,163.97,165.4705
1669,178.29,163.435
1670,166.23,161.23
1671,159.29,161.8899
1672,158.44,161.6247
1673,163.76,160.16
1674,162.35,159.3091
1675,162.36,159.5429
1676,153.62,159.131
1677,154.64,158.9999
1678,153.74,156.7246
1679,154.79,150.3795
1680,154.35,135.2582
1681,106.65,118.3476
1682,112.99,112.1656
1683,110.76,102.3016
1684,110.88,100.7086
1685,118.64,104.6584
1686,110.02,107.5154
1687,108.64,113.3112
1688,104.09,114.4375
1689,116.77,112.9435
1690,103.76,110.8745
1691,112.55,113.7107
1692,121.38,111.4804
1693,116.92,111.6557
1694,104.32,116.2599
1695,130.48,117.9366
1696,103.21,114.2767
1697,115.92,119.1821
1698,113.965,115.1325
1699,112.01,114.8236
1700,111.51,115.3043
1701,116.05,114.6244
1702,117.71,114.1507
1703,126.94,115.2694
1704,114.85,117.2932
1705,126.92,121.9421
1706,138.42,124.0977
1707,140.84,128.9554
1708,127.61,135.3276
1709,137.03,139.4035
1710,141.95,137.7218
1711,150.76,141.0503
1712,156.64,146.1652
1713,150.69,154.0986
1714,169.11,159.4355
1715,160.42,163.0325
1716,159.83,171.9281
1717,160.1,171.5133
1718,170.5,168.7604
1719,168.01,169.3508
1720,176.62,173.9229
1721,181.22,176.3147
1722,177.32,184.8835
1723,189.39,191.6251
1724,198.49,192.4809
1725,193,199.825
1726,199.87,207.2442
1727,214.58,214.735
1728,217.61,219.129
1729,225.26,221.6342
1730,237.07,228.1906
1731,239.08,236.5388
1732,236.2,242.5905
1733,252.59,246.141
1734,242.15,247.1503
1735,240.09,250.5274
1736,253.96,251.1053
1737,250.18,248.1988
1738,248.1,253.3851
1739,238.37,251.6559
1740,246.11,248.1436
1741,260.55,243.2439
1742,250.35,240.9549
1743,224.42,240.3578
1744,235.14,236.2923
1745,217.47,228.0412
1746,211.48,223.12
1747,227.45,218.1153
1748,206.6,209.6703
1749,194.45,207.9525
1750,198.5,201.6602
1751,187.16,194.3707
1752,180.02,187.8824
1753,179.51,181.6797
1754,165.45,175.0908
1755,176.55,170.2263
1756,153.8,164.1252
1757,151.4,161.4385
1758,154.97,156.2534
1759,144.44,151.4055
1760,146.45,148.6894
1761,142.89,144.9701
1762,139.33,141.6091
1763,136.16,139.1651
1764,145.42,136.5691
1765,110.81,133.7968
1766,129.1,133.9538
1767,126.14,128.0866
1768,116.77,125.9432
1769,119.17,125.033
1770,124.73,122.5696
1771,118.4,121.3967
1772,110.52,120.7223
1773,121.46,119.473
1774,109.37,114.6403
1775,122.85,115.1928
1776,105.23,111.4679
1777,94.48,111.8266
1778,118.62,108.7168
1779,107.38,104.1402
1780,100.59,107.0255
1781,114.51,107.2745
1782,114.36,105.0949
1783,106.35,108.0129
1784,116.4,111.0702
1785,117.01,110.2024
1786,111.67,112.1007
1787,117.1,114.341
1788,99.65,113.9006
1789,111.62,115.572
1790,105.26,111.4776
1791,111.79,111.0059
1792,104.01,109.5066
1793,114.91,110.4868
1794,120.7,109.8593
1795,113.79,112.2826
1796,105.83,116.9282
1797,115.25,118.3232
1798,129.12,115.918
1799,114.71,115.0992
1800,111.96,119.7741
1801,119.19,119.2909
1802,122.14,118.3442
1803,119.88,121.3305
1804,145.18,124.2514
1805,135.71,125.6515
1806,139.11,136.0004
1807,136.59,141.465
1808,138.55,144.6733
1809,131.95,146.1028
1810,140.77,148.2853
1811,155.17,148.5697
1812,151.97,147.9467
1813,154.16,152.533
1814,165.03,152.5552
1815,161.18,154.7797
1816,164.17,160.5164
1817,174.66,163.0604
1818,175.96,170.7976
1819,184.64,176.862
1820,192.49,183.428
1821,191.47,190.7797
1822,198.49,198.1581
1823,214.73,205.6557
1824,221.96,211.4803
1825,215.38,215.4547
1826,224.01,220.0312
1827,209.06,224.9623
1828,232.83,227.979
1829,235.27,227.5712
1830,238.47,231.7437
1831,234.84,239.0959
1832,247.2,244.3438
1833,243.56,245.4819
1834,243.1,247.5539
1835,227.7,246.1357
1836,231.26,240.1274
1837,232.7,233.3813
1838,232.31,229.2178
1839,214.83,227.3223
1840,216.32,226.09
1841,205.11,218.1082
1842,217.66,212.9934
1843,189.14,205.0411
1844,202.39,200.6656
1845,201.8,191.9746
1846,179.51,187.3333
1847,190.71,183.7074
1848,182,176.6094
1849,174.1,173.5576
1850,167.01,170.0988
1851,165.87,166.2351
1852,149.36,161.082
1853,155.94,157.2597
1854,140.64,151.9384
1855,146.27,147.7097
1856,138.44,142.964
1857,136.95,140.6408
1858,118.65,137.434
1859,121,135.0672
1860,116.1,129.938
1861,137.02,125.2442
1862,113.31,121.9492
1863,122.79,123.412
1864,121.73,120.8227
1865,101.81,119.9576
1866,119.17,120.9569
1867,118.08,115.8749
1868,112.81,114.5571
1869,120.62,114.2213
1870,109.28,112.8052
1871,110.82,112.7028
1872,94.74,109.0646
1873,56.82,106.8134
1874,55.94,101.8297
1875,65.52,87.58049
1876,61.96,76.45493
1877,46.29,72.35789
1878,47.92,70.09888
1879,47.88,65.22483
1880,49.48,61.73457
1881,60.5,59.91244
1882,54.19,59.11663
1883,54.53,61.97221
1884,57.42,63.09226
1885,59.61,64.03833
1886,51.68,65.09277
1887,55.58,66.37083
1888,59.6,65.22067
1889,65.01,64.64469
1890,52.4,65.42741
1891,64.5,67.54314
1892,70.54,66.32932
1893,84.25,67.79205
1894,58.08,70.96914
1895,57.24,77.2832
1896,47.89,75.19648
1897,68.1,71.66291
1898,68.56,67.30723
1899,64.79,68.64621
1900,78.43,71.18196
1901,61.02,72.14552
1902,68.01,76.48158
1903,64.99,75.16699
1904,53.04,75.56664
1905,67.97,75.19875
1906,65.23,71.74996
1907,78.95,72.19973
1908,69.06,72.70934
1909,75.08,76.52082
1910,72.21,77.2747
1911,81.91,78.47399
1912,70.66,79.32298
1913,77.76,82.15746
1914,81.52,82.32648
1915,82.42,83.02628
1916,80.86,84.87173
1917,81.35,85.63091
1918,82.61,85.67963
1919,71.81,86.33792
1920,74.97,86.8966
1921,74.66,83.81591
1922,74.35,82.7389
1923,79.79,82.56758
1924,85.95,80.69666
1925,63.79,80.89484
1926,83.7,82.87281
1927,73.58,79.66316
1928,79.98,80.20619
1929,75.47,79.51644
1930,87.25,80.15357
1931,76.84,80.66246
1932,87.8,82.935
1933,62.17,80.70953
1934,76.68,81.50028
1935,66.81,77.46732
1936,78.03,76.39886
1937,76.01,74.6834
1938,76.38,73.86409
1939,68.91,74.39549
1940,67.94,75.00159
1941,74.45,73.59985
1942,71.58,72.37701
1943,65.11,73.11126
1944,78.55,72.58184
1945,66.65,71.08533
1946,65.86,73.49023
1947,61.83,72.22685
1948,68.23,70.65295
1949,58.45,68.72014
1950,61.63,69.21745
1951,65.08,67.4119
1952,51.99,66.79118
1953,66.54,67.6447
1954,57.98,65.98628
1955,50.66,67.29894
1956,49.07,66.63252
1957,57.87,64.46509
1958,63.2,61.91778
1959,59.2,62.03677
1960,60.48,64.3774
1961,40.12,65.46981
1962,52.28,66.5239
1963,47.9,62.60106
1964,53.56,61.70361
1965,52.71,60.20738
1966,59.71,59.99544
1967,54.95,60.17732
1968,56.54,62.0738
1969,45.77,62.70166
1970,39.68,63.3448
1971,44.36,61.26283
1972,35.13,57.69221
1973,49.75,56.39638
1974,53.66,53.39266
1975,50.77,54.58332
1976,47.73,57.39687
1977,52.39,59.19526
1978,54.51,59.19009
1979,52.74,60.63271
1980,54.7,62.07617
1981,71.34,62.45124
1982,58.98,62.97581
1983,58.4,67.90621
1984,57.77,68.62019
1985,54.36,68.00471
1986,59.51,67.01336
1987,51.23,65.69329
1988,69.99,65.95576
1989,54.07,64.21611
1990,70.3,67.92602
1991,47.73,67.24156
1992,46.06,70.51281
1993,65.19,67.41576
1994,64.57,64.10408
1995,60.39,66.56513
1996,73.55,69.14648
1997,64.08,69.94918
1998,62.81,73.73966
1999,74.46,73.70049
2000,78.88,72.56697
2001,79.08,74.72771
2002,51.26,78.36774
2003,80.52,81.21517
2004,76.75,76.06207
2005,76.6,78.90952
2006,66.43,81.09799
2007,76.79,81.63396
2008,81.68,79.93935
2009,76.94,79.90122
2010,74.93,83.26682
2011,75.21,84.39325
2012,84.37,83.57566
2013,79.62,82.23293
2014,75.27,82.60957
2015,79.09,83.43166
2016,79.9,82.59242
2017,88.54,83.81303
2018,76.13,84.95406
2019,66.15,87.78381
2020,73.66,84.88329
2021,91.23,81.36962
2022,70.32,79.81539
2023,74.44,82.83027
2024,79.54,81.62862
2025,67.78,79.79028
2026,76.42,79.91589
2027,72.66,77.91338
2028,84.35,76.48557
2029,66.67,75.46058
2030,62.12,77.8801
2031,67.2,75.30157
2032,65.12,71.37406
2033,68.67,70.10443
2034,77.19,69.73222
2035,60.69,70.05305
2036,70.57,72.47559
2037,56.43,70.77509
2038,67.59,71.48308
2039,76.85,67.51164
2040,66.6,67.21815
2041,63.9,69.77415
2042,58.89,69.79176
2043,69.14,68.68995
2044,62.67,66.29233
2045,64.29,67.98547
2046,66.18,67.95314
2047,61.38,67.98983
2048,52.07,69.42678
2049,64.06,69.55499
2050,67.14,66.36671
2051,60.48,66.90047
2052,59.16,69.28963
2053,57.25,68.81429
2054,45.09,68.60848
2055,53.08,67.75865
2056,57.16,63.57263
2057,50.04,62.5528
2058,54.48,62.99751
2059,44.87,61.93259
2060,49.72,62.21458
2061,47.77,60.30817
2062,46.84,59.7727
2063,41.8,59.29793
2064,59.91,58.80544
2065,94.49,56.68342
2066,87.4,59.97829
2067,80.82,72.65657
2068,87.44,81.17565
2069,81.525,84.17924
2070,75.61,86.89703
2071,82.71,87.27733
2072,79.02,84.99686
2073,82.63,85.04948
2074,95.86,84.25487
2075,94.33,85.4377
2076,90.7,90.23141
2077,95.19,93.344
2078,85.29,93.84522
2079,95.69,95.44357
2080,91.15,93.87779
2081,88.6,95.22536
2082,89.75,95.33461
2083,92.6,94.35023
2084,103.06,93.46407
2085,90.54,93.80552
2086,95.87,97.83671
2087,103.32,97.35951
2088,96.02,98.3662
2089,104.52,101.5338
2090,94.31,101.7968
2091,103.07,104.8551
2092,101.29,103.3828
2093,97.62,103.7844
2094,94.73,104.7369
2095,108.63,104.4317
2096,112.04,103.2644
2097,111.33,106.7714
2098,118.93,111.6684
2099,121.87,113.9251
2100,115.26,119.66
2101,114.95,125.2438
2102,132.06,128.079
2103,132.65,129.1663
2104,142.64,135.703
2105,150.44,139.7362
2106,155,147.6504
2107,156.11,154.3142
2108,158.16,158.8016
2109,171,164.3323
2110,180.51,166.1465
2111,176.77,170.1627
2112,183.6,175.2195
2113,176.68,177.3211
2114,181.34,179.9769
2115,182.2,182.2746
2116,187.53,182.3879
2117,175.39,180.3554
2118,185.55,178.6691
2119,164.44,175.9436
2120,181.82,175.6169
2121,174.51,170.132
2122,171.62,168.7701
2123,165.63,169.6539
2124,164.45,165.1652
2125,157.85,162.1249
2126,161.22,158.8754
2127,149.85,154.7803
2128,144.78,150.6904
2129,142.55,144.2132
2130,162.78,138.0115
2131,148.14,134.6513
2132,139.88,135.895
2133,125.76,134.8044
2134,120.1,130.1994
2135,121.79,124.5887
2136,118.49,118.6061
2137,108.93,114.9996
2138,115.68,113.4899
2139,97.12,110.5884
2140,101.02,110.6978
2141,100.86,106.6925
2142,95.38,103.9131
2143,96.24,102.8416
2144,91.6,100.9876
2145,98.4,98.98832
2146,92.43,95.66222
2147,98.01,94.87141
2148,84.46,93.66604
2149,98.14,95.021
2150,96.94,92.3748
2151,80.09,93.1609
2152,89.32,94.93219
2153,90.33,91.94583
2154,93.72,90.83708
2155,104.95,91.29382
2156,94.73,92.89133
2157,90.29,98.27155
2158,72.87,98.73256
2159,89.38,96.94725
2160,89.88,89.76888
2161,143.03,88.94887
2162,139.51,90.43124
2163,125.82,107.6482
2164,142.89,122.2434
2165,145.32,125.9132
2166,154.03,131.9108
2167,136.73,137.8786
2168,138.2,144.3254
2169,145.31,143.0171
2170,138.35,139.0801
2171,137.83,139.0171
2172,140.79,138.4175
2173,159.93,137.2826
2174,146.25,138.2682
2175,148.29,146.3421
2176,161.79,147.4544
2177,161.1,147.3777
2178,154.15,152.9562
2179,150.95,157.5838
2180,160.38,158.6703
2181,157.23,157.5974
2182,156.26,157.7274
2183,160.49,156.8733
2184,158.85,156.8531
2185,172.11,158.3106
2186,167.09,163.5439
2187,178.49,174.6942
2188,193.76,185.492
2189,220.41,200.9541
2190,237.27,224.029
2191,262.36,253.1922
2192,265.69,275.7691
2193,303.98,291.6542
2194,300.31,299.6542
2195,289.11,301.3919
2196,286.18,289.3547
2197,265.52,271.5351
2198,245.54,252.4697
2199,236.67,235.8307
2200,233.73,222.5027
2201,210.03,215.2342
2202,208.4,213.4588
2203,205.48,211.4324
2204,206.48,209.3143
2205,208.11,209.4651
2206,201.48,210.3173
2207,204.97,212.3096
2208,200.09,210.9045
2209,209.65,209.1911
2210,205.82,209.0145
2211,213.01,210.1296
2212,207.37,209.6175
2213,214.35,209.1283
2214,204.87,207.6252
2215,213.27,203.8435
2216,203.5,202.344
2217,205.9,201.6549
2218,204.86,196.9533
2219,204.88,195.0681
2220,195.88,197.6064
2221,187.68,196.3137
2222,194.28,193.4398
2223,197.97,189.0292
2224,196.98,187.8251
2225,188.53,192.074
2226,200.75,196.76
2227,206.24,200.7939
2228,220.29,213.0403
2229,236.46,228.5467
2230,240.79,246.8246
2231,264.33,264.4089
2232,275.84,280.7168
2233,286.34,290.3499
2234,266.53,290.2489
2235,270.09,283.1634
2236,262.29,265.2714
2237,229.97,247.2579
2238,212.79,226.1679
2239,192.73,205.8906
2240,188.37,189.5018
2241,174.55,177.9804
2242,172.52,170.7663
2243,150.59,164.2834
2244,159.4,161.6425
2245,148.76,156.6314
2246,150.58,152.9445
2247,151.03,151.0498
2248,152.5,149.8258
2249,157.48,149.6323
2250,144.47,150.458
2251,148.36,152.2746
2252,145.38,150.534
2253,141.61,148.1608
2254,139.01,145.1316
2255,151.11,138.3073
2256,146.4,125.0249
2257,92.03,111.6567
2258,86.28,108.6971
2259,86.61,97.54977
2260,86.07,92.3838
2261,89.38,92.2991
2262,92.83,90.5498
2263,93.94,90.80621
2264,93.69,91.88699
2265,87.37,93.37068
2266,92.58,94.19828
2267,94.49,93.08519
2268,91.24,94.40384
2269,94.08,95.48455
2270,95.01,95.44436
2271,94.72,96.01614
2272,95.01,96.5077
2273,104.56,97.08787
2274,96.34,97.77507
2275,97.04,101.3468
2276,93.59,101.4659
2277,102.8,101.33
2278,95.24,100.1573
2279,101.03,101.9924
2280,99.94,101.657
2281,98.72,102.3098
2282,113.06,102.8756
2283,108.5,103.9348
2284,108.21,108.5847
2285,101.69,111.2683
2286,112.52,111.36
2287,111.87,110.1721
2288,106.95,112.5598
2289,113.71,115.1833
2290,129.82,116.4564
2291,107.37,118.8952
2292,122.67,125.8275
2293,136.51,125.8527
2294,150.05,129.1689
2295,143.7,137.7565
2296,150.49,149.6874
2297,146.55,156.0799
2298,165.11,163.2955
2299,165.73,166.8865
2300,180.61,171.6365
2301,175.91,175.6406
2302,191.68,181.212
2303,187.75,182.6614
2304,195.99,188.356
2305,195.67,192.8222
2306,196.85,195.8046
2307,197.98,196.6253
2308,186.81,196.186
2309,205.69,197.78
2310,199.72,195.1251
2311,193.75,193.8667
2312,196.8,193.3906
2313,181.17,191.873
2314,175.68,189.2729
2315,185.11,183.0408
2316,163.39,178.2401
2317,172.65,173.2771
2318,170.99,167.8755
2319,157.12,163.7455
2320,154.84,160.1821
2321,139.29,155.4023
2322,157.58,149.1922
2323,138.71,142.0857
2324,137.17,139.9315
2325,138.43,135.9408
2326,128.1,130.5487
2327,121.12,126.5788
2328,120.41,122.9626
2329,127.38,119.3435
2330,109.09,116.0285
2331,108.53,116.664
2332,112.54,114.3191
2333,99.91,111.3187
2334,97.18,109.9534
2335,104.83,106.9533
2336,104.89,102.8386
2337,105.12,102.8418
2338,86.97,102.9877
2339,97.11,102.6579
2340,101.33,98.29148
2341,96.09,96.36232
2342,92.49,97.2006
2343,103.43,97.57684
2344,99.47,96.42042
2345,94.51,98.64899
2346,81.44,99.79823
2347,89.14,98.70633
2348,86.92,94.75861
2349,75.13,92.9242
2350,100.79,91.83705
2351,73.02,87.61037
2352,106.32,91.20547
2353,104.45,87.67219
2354,107.27,93.97921
2355,111.56,99.42878
2356,103.03,103.6716
2357,115.07,107.1727
2358,110.32,107.3744
2359,120.23,110.816
2360,124.74,111.5539
2361,118.53,114.6975
2362,113.85,118.2111
2363,117.73,119.5639
2364,110.95,117.4004
2365,124.74,117.7177
2366,116.55,115.6575
2367,116.72,118.7613
2368,129.62,118.888
2369,124.31,118.7931
2370,126.86,123.3499
2371,121.31,124.7943
2372,109.37,126.3079
2373,122.96,124.9532
2374,119.81,119.8965
2375,126.54,120.6207
2376,127.13,120.7751
2377,116.82,123.593
2378,138.27,127.2801
2379,123.15,126.4909
2380,149.21,131.9001
2381,138.55,133.9396
2382,140.2,141.4103
2383,139.5,144.5522
2384,148.83,146.7325
2385,146.22,147.2891
2386,145.92,149.9162
2387,158.66,151.8199
2388,156.68,151.3602
2389,162.14,155.2146
2390,159.08,159.785
2391,172.36,163.7288
2392,171.57,164.5493
2393,172.69,168.1772
2394,184.08,174.3927
2395,190.13,178.9569
2396,200.54,188.1857
2397,207.18,198.2996
2398,193.99,204.7253
2399,211.3,210.7715
2400,221.39,210.8991
2401,229.32,222.2502
2402,230.06,229.0474
2403,242.93,235.3809
2404,226.25,238.4917
2405,234.47,245.343
2406,247.65,244.0014
2407,245.14,243.1466
2408,245.13,247.5988
2409,241.26,247.3371
2410,248.56,247.7893
2411,234.38,247.4169
2412,239.9,246.3967
2413,242.87,240.9598
2414,240.08,235.329
2415,226.58,231.5495
2416,223.96,227.8401
2417,219.49,223.1132
2418,216.79,216.8921
2419,210.93,211.9523
2420,197.67,205.2304
2421,196.91,200.653
2422,183.3,193.5754
2423,180.22,187.3663
2424,175.67,181.7051
2425,184.99,175.5525
2426,166.16,169.4084
2427,153.91,167.6511
2428,165.08,161.934
2429,160.92,154.9136
2430,162.94,153.1128
2431,155.97,150.1537
2432,134.1,148.8274
2433,149.06,147.3955
2434,126.2,142.1878
2435,135.23,139.9456
2436,128.17,134.9097
2437,123.76,132.7207
2438,121.34,129.7338
2439,107.24,127.0289
2440,118.68,124.0987
2441,121.34,119.6168
2442,101.28,118.2847
2443,115.69,118.4185
2444,110.14,113.8549
2445,116.58,112.8985
2446,111.9,111.9772
2447,121.37,110.9218
2448,109.74,108.0557
2449,118.05,108.7631
2450,104.78,107.7761
2451,104.61,109.4148
2452,120.49,108.2837
2453,120.29,107.3449
2454,117.22,112.2548
2455,113.65,115.9049
2456,113.47,117.1021
2457,112.85,116.9465
2458,106.63,116.4795
2459,116.89,114.8744
2460,108.29,112.3659
2461,118.87,113.2158
2462,118.25,112.826
2463,123.14,115.1876
2464,137.21,117.542
2465,121.03,120.7829
2466,124.43,128.124
2467,112.82,127.7367
2468,120.69,126.8354
2469,124.9,123.4086
2470,132.52,122.8107
2471,121.52,123.905
2472,133.47,128.9688
2473,126.88,128.2532
2474,127.7,131.4138
2475,130.27,130.6884
2476,129.67,132.0469
2477,143.06,135.1094
2478,142.02,136.4812
2479,148.48,142.166
2480,157.17,147.1471
2481,159.64,153.5241
2482,159.32,158.1251
2483,160.89,161.199
2484,162.73,162.5441
2485,151.82,162.948
2486,166.94,163.265
2487,167.2,163.5094
2488,186.09,165.2578
2489,181.39,170.7031
2490,186.85,180.0951
2491,194.25,187.8966
2492,201.34,196.4225
2493,213.86,204.6282
2494,214.69,213.6549
2495,196.84,221.3505
2496,210.17,223.5122
2497,226.91,221.8701
2498,242.94,224.0148
2499,239.89,230.514
2500,240.99,241.3348
2501,242.9,248.0035
2502,252.34,251.3478
2503,262.54,250.2058
2504,250.58,252.1784
2505,242.93,258.2987
2506,242.83,258.4863
2507,231.18,252.3247
2508,252.56,248.5521
2509,238.43,242.8059
2510,254.54,239.246
2511,245.79,235.7934
2512,227.72,233.1478
2513,218.44,231.4657
2514,207.31,225.6894
2515,218.37,216.5135
2516,219.46,210.1597
2517,187.1,205.3133
2518,193.24,200.9609
2519,191.86,192.2587
2520,183.52,185.3227
2521,174.78,179.248
2522,188.06,173.5608
2523,178.33,168.1593
2524,161.62,166.8084
2525,154.83,165.34
2526,149.13,159.9412
2527,150.675,155.1484
2528,152.22,150.7146
2529,148.03,147.7725
2530,135.62,145.4828
2531,135.1,142.796
2532,132.85,138.7929
2533,129.33,135.944
2534,112.36,133.4289
2535,122.26,131.1783
2536,126.3,125.1724
2537,134.07,122.9284
2538,120.13,122.3097
2539,122.34,123.442
2540,116.34,123.1799
2541,108.92,121.023
2542,123.85,118.049
2543,109.54,113.1242
2544,115.59,112.5343
2545,169.92,109.0688
2546,157.45,109.2098
2547,160.01,126.9608
2548,159.34,139.8985
2549,160.28,147.5414
2550,147.62,151.5274
2551,148.44,154.1159
2552,148.11,151.4712
2553,158.02,150.407
2554,167.59,148.7559
2555,167.56,153.2928
2556,159.2,157.5034
2557,155.05,160.6386
2558,170.43,160.3582
2559,167.62,158.5866
2560,169.69,163.4119
2561,168.11,165.9106
2562,172.6,166.5235
2563,169.15,166.9765
2564,173.83,169.1555
2565,166.93,170.1552
2566,176.48,171.8331
2567,169.86,170.5595
2568,177.41,172.593
2569,178.45,172.7952
2570,188.18,180.5323
2571,204.14,188.6584
2572,204.07,202.7542
2573,223.93,220.3656
2574,244.9,241.6091
2575,273.45,266.6153
2576,290.5,291.1879
2577,307.03,309.5945
2578,314.36,314.0802
2579,325.28,309.2213
2580,300.47,296.8569
2581,274,283.3605
2582,251.01,264.2138
2583,237.05,247.4589
2584,230.5,233.7719
2585,224.32,224.5273
2586,215.33,219.374
2587,224.15,220.4354
2588,219.21,219.9495
2589,223.16,222.5172
2590,215.77,224.2862
2591,231.36,225.8958
2592,209.24,230.0433
2593,222.73,230.4943
2594,218.71,225.6493
2595,205.76,225.2493
2596,221.98,225.2753
2597,214.93,220.3011
2598,214.74,220.2222
2599,225.71,218.5932
2600,226.26,214.1941
2601,219.62,215.002
2602,213.05,216.3207
2603,219.08,213.6509
2604,225.73,211.1915
2605,208.12,209.1853
2606,210.53,208.1819
2607,197.63,208.1329
2608,198.35,207.7747
2609,208.07,205.9644
2610,211.2,205.8266
2611,207.24,211.1704
2612,226.56,225.1754
2613,245.77,243.6822
2614,260.27,261.2814
2615,276.46,281.9983
2616,294.2,297.6031
2617,287.16,305.4445
2618,301.7,306.5129
2619,281.79,295.9411
2620,272.15,281.9918
2621,253.74,257.2936
2622,231.06,233.4462
2623,208.36,212.914
2624,201.13,198.2498
2625,191.85,186.0499
2626,180.26,178.943
2627,176.94,174.6548
2628,158.6,170.8094
2629,165.22,168.7464
2630,170.11,164.3377
2631,163.53,161.8964
2632,169.89,161.217
2633,169.96,160.4971
2634,168.05,162.0519
2635,158.64,164.0645
2636,162.22,163.3401
2637,145.34,161.7904
2638,159.76,158.1034
2639,152.2,149.0633
2640,168.59,135.2303
2641,94.47,118.2285
2642,93.61,116.9488
2643,108.87,103.6871
2644,108.09,94.96099
2645,79.83,98.07104
2646,97.77,102.3785
2647,95.92,97.15158
2648,93.21,96.85762
2649,95.15,98.7871
2650,96.02,97.4449
2651,91.75,98.00288
2652,100.69,97.56252
2653,104.26,96.32459
2654,110.56,98.34424
2655,100.99,101.4106
2656,107.22,105.4376
2657,106.84,105.63
2658,104.88,106.7332
2659,114.38,108.2684
2660,113.84,109.467
2661,115.15,112.4276
2662,108.48,113.5582
2663,105.93,114.4849
2664,104.55,112.9759
2665,105.75,110.7125
2666,102.69,110.2953
2667,112.83,110.7732
2668,111.87,111.302
2669,121.77,113.3322
2670,110.93,114.2455
2671,122.11,116.4141
2672,124.94,117.7425
2673,123.59,122.4117
2674,134.81,127.1976
2675,134.49,130.5646
2676,135.59,137.1473
2677,144.69,141.8618
2678,131.12,147.8148
2679,151.37,155.1155
2680,147.27,155.7021
2681,145.17,162.3767
2682,168.27,165.2
2683,173.86,164.7309
2684,176.28,172.5366
2685,181.81,181.0126
2686,198.95,187.0755
2687,188.95,191.4698
2688,192.66,196.4695
2689,194.87,196.9136
2690,197.23,194.5934
2691,202.12,199.0509
2692,187.37,198.6662
2693,199.76,200.448
2694,185.31,198.5407
2695,186.66,196.1979
2696,188.89,190.9566
2697,178.08,186.8576
2698,192.7,182.1803
2699,182.2,177.4725
2700,197.89,176.3512
2701,172.92,172.224
2702,184.59,172.0137
2703,172.45,169.8064
2704,167.94,166.6743
2705,170.79,162.6366
2706,150.38,157.6429
2707,144.49,156.0282
2708,154.55,149.2726
2709,144.58,142.2516
2710,135.43,138.3643
2711,121.88,134.8227
2712,124.36,130.7159
2713,108.6,125.401
2714,120.31,122.5342
2715,94.81,116.8242
2716,110.47,114.493
2717,101.05,108.9847
2718,104.25,108.5568
2719,127,107.1034
2720,121.63,106.0189
2721,99.95,110.6202
2722,101.22,113.1617
2723,106,108.8465
2724,104.47,105.837
2725,99.91,105.1051
2726,105.57,104.6129
2727,102.33,102.6646
2728,101.32,102.0931
2729,104.78,102.1476
2730,92.65,101.9688
2731,105.43,102.7628
2732,106.01,100.7305
2733,93.66,102.8208
2734,100.26,105.3738
2735,97.87,103.4207
2736,104.34,102.0929
2737,106.06,100.5907
2738,84.67,102.5063
2739,85.06,103.843
2740,96,98.33698
2741,96.46,94.01314
2742,83.59,94.71628
2743,93.17,96.33054
2744,102.41,93.9735
2745,92.53,94.54253
2746,91.92,97.75642
2747,99.02,97.20599
2748,100.35,96.13873
2749,90.87,97.9274
2750,105.24,100.2862
2751,112.66,98.58345
2752,111.28,101.8863
2753,104.93,106.757
2754,108.67,109.3495
2755,109.49,108.8545
2756,93.69,109.4371
2757,113.59,110.5064
2758,104.3,106.0061
2759,108.3,108.6964
2760,113.5,108.5802
2761,106.45,108.7718
2762,111.83,111.4027
2763,112.62,111.5121
2764,117.03,113.8749
2765,112.49,115.5248
2766,121.07,116.9299
2767,120.63,118.1344
2768,116.38,121.773
2769,116.13,124.9945
2770,111.93,124.8669
2771,139.04,125.0662
2772,129.27,123.7532
2773,139.17,131.4162
2774,139.71,136.9156
2775,153.61,146.7856
2776,155.53,151.7819
2777,168.02,160.5379
2778,158.14,168.3569
2779,186.14,177.7464
2780,176.39,178.4968
2781,184.05,186.4054
2782,183.73,187.5851
2783,182.62,190.0148
2784,180.77,193.5734
2785,196.96,192.5569
2786,188.02,189.6699
2787,202.53,193.2781
2788,196.94,194.2369
2789,199.55,194.7455
2790,168.99,196.1267
2791,191.67,194.4016
2792,179.99,186.1784
2793,192.83,183.5824
2794,181.3,180.4713
2795,165.8,177.7741
2796,173.74,175.7505
2797,178.73,171.1481
2798,167.56,167.1616
2799,160.37,163.9077
2800,164.91,158.5416
2801,155.45,153.3222
2802,157.36,152.5689
2803,157.06,148.1949
2804,144.23,143.6206
2805,159.04,140.225
2806,138.36,134.4975
2807,117.68,132.7041
2808,127.49,128.921
2809,113.19,121.607
2810,112.59,118.0709
2811,107.96,115.593
2812,111.82,113.7769
2813,107.76,111.555
2814,105.26,111.3211
2815,111.31,109.6413
2816,105.14,107.9624
2817,105.81,108.3066
2818,84.74,106.8506
2819,107.38,104.2801
2820,106.06,97.29805
2821,102.96,99.2458
2822,97.86,101.2215
2823,96.99,101.1923
2824,91.6,100.5018
2825,98.19,99.72053
2826,100.02,96.8064
2827,99.02,97.91911
2828,105.99,100.4055
2829,92.57,100.9012
2830,88.58,102.845
2831,95.76,99.4953
2832,87.47,95.56079
2833,51.42,95.342
2834,53.94,93.44321
2835,54.93,81.20856
2836,56.47,72.39581
2837,51.31,68.17529
2838,55.62,66.29967
2839,49.46,64.07494
2840,60.13,63.95362
2841,58.47,62.84396
2842,55.09,64.38194
2843,63.67,65.5039
2844,54.32,65.30329
2845,56.41,67.10892
2846,53.16,66.26801
2847,48.25,66.05991
2848,49.88,65.42711
2849,56.16,63.13591
2850,58.61,61.47263
2851,73.56,62.05576
2852,45.68,63.61164
2853,58.58,69.02032
2854,59.56,66.20098
2855,60.56,65.93224
2856,60.45,66.40147
2857,54.27,67.58917
2858,57.11,68.45935
2859,66.66,66.98563
2860,63.57,66.45257
2861,72.14,69.32673
2862,67.38,71.18591
2863,68.91,73.78495
2864,77.36,74.27267
2865,68.98,75.66671
2866,82.48,79.24806
2867,70.6,79.53443
2868,75.4,81.87292
2869,73.4,80.16676
2870,62.76,79.8551
2871,85.59,80.0107
2872,65.14,78.18423
2873,78.69,82.14414
2874,71.36,80.30254
2875,69.63,81.75902
2876,77.56,81.01708
2877,75.24,80.35274
2878,80.16,82.28571
2879,87.86,81.71317
2880,72.31,82.9599
2881,81.83,84.90059
2882,84.37,84.23714
2883,75.98,83.91044
2884,74.51,85.83261
2885,78.83,84.34469
2886,92.12,82.76578
2887,80.79,81.53875
2888,65.96,83.64272
2889,85.33,83.18533
2890,73.88,79.62105
2891,72.57,79.97631
2892,77.79,79.27979
2893,73.4,77.85561
2894,91.23,77.8518
2895,70.13,76.7103
2896,83.3,79.58916
2897,87.04,76.33864
2898,72.51,77.51376
2899,79.04,79.66014
2900,57.25,77.85316
2901,65.25,77.29296
2902,72.42,72.45082
2903,67.42,70.20397
2904,54.31,70.95877
2905,74.4,71.09805
2906,67.12,66.9911
2907,55.83,68.71674
2908,63.58,69.94619
2909,60.45,67.29268
2910,57.61,66.16328
2911,58.54,65.33708
2912,59.53,64.63483
2913,59.42,64.63978
2914,58.81,64.86549
2915,56.28,65.90184
2916,65.48,66.01813
2917,45.57,65.27684
2918,67.92,67.46385
2919,55.19,64.04721
2920,66.96,66.6112
2921,43.7,65.61321
2922,55.33,67.30167
2923,44.21,63.48469
2924,54.47,63.08609
2925,49.36,60.34782
2926,51.15,60.39836
2927,56.75,59.74532
2928,50.81,59.40916
2929,57.4,60.93273
2930,55.16,60.94647
2931,57.36,62.79839
2932,43.65,63.85508
2933,51.33,64.80336
2934,56.7,61.90662
2935,62.95,61.27587
2936,54.47,62.49371
2937,36.68,65.39953
2938,53.32,65.58533
2939,59.37,60.36502
2940,49.63,60.56901
2941,55.22,63.30642
2942,66.41,62.71376
2943,60.28,63.11448
2944,54.15,66.7163
2945,59.57,67.94233
2946,54.58,66.31144
2947,54.19,66.87396
2948,70.04,66.16608
2949,66.69,64.75006
2950,58.26,68.55134
2951,66.91,70.94533
2952,62.86,69.77383
2953,57.58,70.7623
2954,57.39,71.26599
2955,58.54,70.03109
2956,69.53,68.8317
2957,57.03,68.88066
2958,71.07,71.65177
2959,59.03,70.3901
2960,74.96,72.9935
2961,70.49,72.46774
2962,53.58,74.57027
2963,71.07,75.66512
2964,71.55,72.05376
2965,77.16,73.41019
2966,75.63,76.08173
2967,72.98,79.56494
2968,85.26,81.71425
2969,78.74,81.87611
2970,61.62,84.27222
2971,75.93,84.71144
2972,74.47,79.97261
2973,76.94,78.84483
2974,65.4,80.3114
2975,79.26,80.3362
2976,81.16,78.13533
2977,70.15,80.36581
2978,86.17,83.2698
2979,76.22,81.31046
2980,84.08,83.88834
2981,69.98,83.1966
2982,72.21,83.70287
2983,80.66,80.7907
2984,85.29,79.8818
2985,79.01,80.94167
2986,81.8,82.49273
2987,61.98,81.03165
2988,77.76,80.96068
2989,60.94,77.6008
2990,66.79,77.36771
2991,70.06,73.28837
2992,76.79,72.27415
2993,68.18,70.70554
2994,84.88,71.47433
2995,68.2,71.03782
2996,59.94,74.33569
2997,65.84,73.10555
2998,55.24,69.17999
2999,60.5,67.83204
3000,75.57,65.64151
3001,64.37,64.47232
3002,62.03,68.02654
3003,55.04,68.68846
3004,54.38,67.99806
3005,60.02,65.84534
3006,60.66,63.44577
3007,62.06,63.71192
3008,55.12,63.9162
3009,57.99,65.23572
3010,58.66,64.73906
3011,61.57,65.2088
3012,58.43,66.13174
3013,58.6,67.60245
3014,52.13,67.38776
3015,53.8,66.54086
3016,57.39,64.68813
3017,58.93,63.39418
3018,41.86,63.38168
3019,51.95,64.531
3020,53.19,61.30838
3021,40.96,60.54086
3022,62.58,61.07016
3023,54.97,58.75181
3024,47.69,62.05916
3025,87.92,63.0551
3026,103.09,61.39716
3027,102.79,70.82999
3028,100.6,84.08339
3029,105.92,93.8745
3030,105.8,98.53573
3031,107.21,102.2628
3032,102.69,104.2826
3033,101.93,106.0517
3034,116.45,105.2612
3035,106.02,104.0902
3036,101.7,108.0088
3037,111.08,108.3527
3038,106.72,106.6281
3039,117.72,109.2791
3040,95.29,110.0339
3041,118.72,112.5205
3042,104.81,107.5286
3043,115.61,110.3806
3044,115.92,110.8204
3045,111.02,113.2413
3046,109.76,114.7167
3047,118.21,114.8354
3048,116.22,113.4519
3049,109.67,115.4005
3050,118.42,118.4977
3051,124.6,118.691
3052,124.76,119.9371
3053,131.97,123.6944
3054,130.44,127.5369
3055,141.79,132.5673
3056,125.99,136.3577
3057,145.87,141.8452
3058,148.02,140.3141
3059,128.54,144.4536
3060,144.51,148.2693
3061,172.9,142.7433
3062,163.22,141.529
3063,157.04,151.954
3064,162.45,157.5586
3065,161.04,160.6416
3066,173.33,163.8607
3067,171.39,169.0161
3068,183.32,172.55
3069,184.86,179.0361
3070,196.84,187.5988
3071,206.26,192.0997
3072,208.64,197.4483
3073,216.96,208.3813
3074,227.38,216.766
3075,220.18,224.1463
3076,233.12,228.8557
3077,225.5,231.6597
3078,232.94,232.9888
3079,227.89,232.0887
3080,219.92,235.6553
3081,228.49,232.9716
3082,232.25,232.8227
3083,225.58,231.9825
3084,228.89,231.0695
3085,209.01,228.9591
3086,211.76,222.6156
3087,215.55,214.461
3088,209.6,208.1682
3089,212.27,205.3787
3090,197.35,201.5965
3091,197.14,197.1932
3092,181.4,191.5934
3093,174.51,188.1404
3094,188.93,180.267
3095,175.83,173.5894
3096,175.95,171.744
3097,182.96,167.56
3098,158.1,164.1013
3099,157.77,162.7615
3100,143.41,157.8548
3101,144.92,152.8285
3102,153.14,146.6014
3103,133.22,142.2858
3104,140.02,139.9365
3105,122.39,135.7616
3106,129.45,133.4451
3107,114.32,129.4152
3108,111.03,127.3571
3109,122.59,123.4227
3110,109.1,120.0304
3111,115.34,118.8221
3112,120,115.5698
3113,120.11,114.5473
3114,115.67,114.6757
3115,113.28,115.8989
3116,111.12,115.225
3117,103.72,113.6257
3118,105.36,111.72
3119,95.4,107.8539
3120,106.33,103.8256
3121,94.1,98.61443
3122,104.08,99.2593
3123,104.7,97.70087
3124,116.01,99.91242
3125,104.12,102.7073
3126,102.83,109.3024
3127,95.65,109.963
3128,97.96,108.4875
3129,114.9,104.5963
3130,101.68,103.0122
3131,102.62,108.0213
3132,102.21,107.0889
3133,95.36,105.2504
3134,99.22,104.857
3135,101.87,102.6276
3136,123.49,101.6835
3137,121.76,102.396
3138,102.48,109.8996
3139,110.99,116.2029
3140,108.29,114.0015
3141,111.46,113.0934
3142,121.55,112.5313
3143,112.36,113.2655
3144,118.66,116.0315
3145,114.24,115.066
3146,114.13,117.4271
3147,118.68,119.6344
3148,125.78,120.4582
3149,130.57,120.1936
3150,131.83,125.5651
3151,142.05,131.1335
3152,129.89,136.8856
3153,152.23,143.0035
3154,142.11,144.4541
3155,148.98,148.8523
3156,138.92,149.5632
3157,163.63,151.3054
3158,144.33,149.6497
3159,171.37,153.9937
3160,167.68,155.3612
3161,160.24,162.475
3162,175.97,166.3875
3163,171.19,168.4391
3164,187.86,173.3163
3165,180.9,179.8757
3166,191.71,188.6754
3167,207.28,193.7877
3168,211.25,197.2314
3169,210.9,208.5201
3170,215.77,215.5899
3171,225.18,221.2262
3172,212.69,224.0593
3173,231.45,230.6287
3174,223.53,231.0787
3175,234.75,233.3072
3176,226.03,232.7053
3177,236.27,233.0112
3178,220.5,232.6493
3179,226.26,233.9565
3180,212.16,230.5807
3181,213.39,225.0425
3182,216.74,217.3216
3183,209.77,211.067
3184,202.4,210.9864
3185,200.58,207.2049
3186,184.6,200.7977
3187,200.78,196.6113
3188,186.09,188.6536
3189,189.33,185.9415
3190,178.95,180.427
3191,175.93,176.9017
3192,172.37,172.6632
3193,164.3,168.2419
3194,156.09,163.2545
3195,155.71,158.8942
3196,142.6,154.1642
3197,149.54,151.4992
3198,139.78,146.1385
3199,136.16,143.4383
3200,129.58,140.909
3201,129.71,136.9005
3202,123.51,132.707
3203,122.76,129.6838
3204,113.82,127.0674
3205,112.43,124.0904
3206,107.37,119.9837
3207,114.77,116.587
3208,115.06,113.235
3209,121.91,112.9378
3210,107.42,113.8064
3211,97.67,116.5134
3212,102.25,115.0171
3213,107.76,109.5421
3214,117.84,106.0293
3215,110.27,103.1933
3216,104.76,104.209
3217,106.35,104.7442
3218,86.54,103.8736
3219,95.29,104.3239
3220,83.79,99.41769
3221,101.55,97.88716
3222,89.51,93.93179
3223,94.11,96.0471
3224,92.58,94.72501
3225,95.17,94.71326
3226,90.94,94.96026
3227,89.56,96.1073
3228,100.41,96.05846
3229,92.29,95.31272
3230,81.66,97.93629
3231,108.51,97.40833
3232,86.72,93.76111
3233,84.7,98.35749
3234,92.96,96.77591
3235,106.83,93.66408
3236,109.2,94.02807
3237,100.7,99.71594
3238,93.29,105.3029
3239,84.62,105.5333
3240,96.83,102.784
3241,92.97,97.20859
3242,111.28,98.22724
3243,107.85,98.84274
3244,114.28,104.2862
3245,106.19,107.3695
3246,113.32,110.3585
3247,109.25,111.5873
3248,108.54,114.1787
3249,107.36,115.7168
3250,114.92,115.315
3251,115.74,116.1438
3252,142.62,118.2165
3253,123.95,121.8883
3254,139.46,132.2842
3255,140.45,134.9085
3256,139.6,142.9886
3257,150.63,149.1361
3258,147.58,152.7365
3259,163.41,158.2811
3260,182.41,162.8152
3261,180.36,166.6105
3262,185.19,175.914
3263,175.59,182.9493
3264,176.32,189.4206
3265,182.43,187.5709
3266,184.69,185.8685
3267,180.24,184.0726
3268,188.86,185.0993
3269,193.38,185.0265
3270,181.6,185.2467
3271,183.83,183.5218
3272,182.42,181.159
3273,176.68,177.9683
3274,182.8,176.2296
3275,168.18,172.1574
3276,161.79,170.2897
3277,171.47,165.6696
3278,174.7,162.7676
3279,153.62,161.4295
3280,150.78,160.9962
3281,158.57,153.7552
3282,154.18,147.4158
3283,140.18,144.835
3284,131.2,142.1838
3285,127.6,136.7132
3286,117.86,130.4864
3287,116.78,124.6654
3288,111.96,118.8164
3289,101.18,114.3509
3290,108.32,110.6946
3291,98.63,106.94
3292,107.53,105.3511
3293,97.69,103.7257
3294,95.24,104.5697
3295,92.49,102.8025
3296,106.43,99.84325
3297,96.56,96.54195
3298,92.88,96.81303
3299,97.62,96.1164
3300,85.19,95.46693
3301,97.88,95.93413
3302,93.07,92.85301
3303,81.04,93.87439
3304,89.14,94.3875
3305,98.36,91.46429
3306,88.33,90.17138
3307,79.78,93.07248
3308,95.59,93.41125
3309,71.85,90.6727
3310,86.65,93.10461
3311,77.61,87.9668
3312,92.65,87.50248
3313,90.2,85.33832
3314,92.21,87.9248
3315,95.43,90.40968
3316,102.1,92.79373
3317,103.19,95.42509
3318,100.66,99.47358
3319,93.06,102.4963
3320,98.67,102.7565
3321,92.54,100.5294
3322,92.81,100.5649
3323,110.25,99.55916
3324,103.14,97.82773
3325,85.1,101.8047
3326,100.07,103.6751
3327,81.58,98.7879
3328,99.54,99.44037
3329,106.96,95.89571
3330,98.27,96.99451
3331,101.5,100.6997
3332,95.56,101.8057
3333,111.82,102.4869
3334,107.88,101.3601
3335,105.74,105.3696
3336,100.75,107.6824
3337,96.2,108.1525
3338,107.14,107.0274
3339,99.67,105.1497
3340,110.52,107.0127
3341,98.16,107.7298
3342,109.13,110.4212
3343,120.97,108.6837
3344,109.74,110.3118
3345,117.41,116.4851
3346,130.98,118.3318
3347,129.17,120.8639
3348,127.36,127.6104
3349,128.92,132.6246
3350,138.1,135.1473
3351,152.89,139.4753
3352,168,144.9499
3353,149.87,154.4643
3354,163.18,166.6466
3355,167.42,169.5947
3356,163.05,174.3412
3357,179.49,176.06
3358,168.99,176.6366
3359,183.35,181.0657
3360,189.36,182.5014
3361,203.59,186.6525
3362,194.48,188.4037
3363,180.75,194.8934
3364,187.36,192.4109
3365,185.19,186.1136
3366,178.42,185.5773
3367,173.05,185.3187
3368,167.95,181.0882
3369,189.41,175.5258
3370,174.76,172.4026
3371,173.04,173.2179
3372,162.47,170.9688
3373,167.26,165.9967
3374,157.97,161.3351
3375,157.55,157.6552
3376,167.57,153.9058
3377,160.84,150.7817
3378,155.57,150.4314
3379,142.52,147.9345
3380,139.66,144.235
3381,126.32,137.6571
3382,131.54,131.311
3383,111.39,125.1288
3384,106.52,122.3966
3385,105.82,116.9341
3386,111.9,110.8228
3387,95.33,106.6609
3388,103.47,105.6128
3389,107.06,103.0854
3390,102.44,102.6943
3391,100.85,103.3805
3392,101.2,103.4674
3393,84.61,101.7711
3394,100.8,100.4552
3395,96.18,94.26957
3396,83.72,93.42151
3397,90.23,93.6655
3398,106.08,90.9081
3399,87.44,90.69248
3400,95.23,95.47948
3401,104.15,95.76089
3402,97.03,96.78018
3403,91.57,100.3027
3404,88.29,101.2331
3405,99.34,99.15937
3406,99.22,95.33594
3407,83.72,96.63153
3408,95.46,98.20557
3409,97.16,93.64635
3410,97.78,94.39327
3411,82.76,96.36272
3412,89.72,97.97418
3413,90.2,94.89273
3414,102.37,93.98823
3415,96.25,93.77672
3416,95.855,97.43599
3417,95.46,98.75755
3418,94.77,99.11629
3419,94.94,99.2244
3420,96.51,99.13036
3421,95.79,98.7345
3422,99.66,99.34064
3423,96.83,99.0872
3424,99.21,100.1227
3425,101.64,100.3422
3426,97.65,101.6625
3427,98.67,102.4326
3428,94.64,102.839
3429,106.89,102.9274
3430,101.56,101.1592
3431,113.87,103.3802
3432,103.42,104.0049
3433,89.98,108.1013
3434,109.56,109.7935
3435,103.71,106.0616
3436,107.79,107.646
3437,123.99,107.5282
3438,117.29,108.098
3439,124.59,113.4599
3440,114.3,117.9363
3441,122.78,122.5468
3442,121.65,122.3625
3443,109.12,123.9218
3444,124.66,126.1649
3445,132.98,124.2373
3446,148.36,129.1674
3447,139.51,136.6661
3448,145.35,148.2106
3449,162.12,154.4539
3450,167.02,160.0826
3451,182.63,166.1922
3452,182.85,173.7362
3453,186.38,181.4231
3454,190.84,185.0426
3455,202.37,188.153
3456,188.95,192.4833
3457,204.36,197.4798
3458,197.03,197.2738
3459,188.76,198.3838
3460,191.2,196.9281
3461,192.57,193.2016
3462,191.58,191.6279
3463,193.68,190.6105
3464,186.91,188.9693
3465,186.23,187.1498
3466,185.82,185.0782
3467,181.96,180.5426
3468,187.13,179.0277
3469,185.56,174.8597
3470,180.17,172.9714
3471,174.98,170.6098
3472,164.39,168.3346
3473,162.77,165.1046
3474,164.05,160.3493
3475,146.52,154.4458
3476,133.01,149.9142
3477,135.84,142.2685
3478,138.22,134.6474
3479,124.89,128.682
3480,108.93,125.9236
3481,120.36,122.1156
3482,117.99,116.9916
3483,114.13,115.1099
3484,104.74,114.0298
3485,112.28,113.0549
3486,93.52,110.3295
3487,112.27,109.6991
3488,109.87,105.8655
3489,104.96,105.8802
3490,102.61,105.8226
3491,112.51,103.3182
3492,103.79,99.91273
3493,103.7,101.7431
3494,108.99,101.679
3495,95.43,101.6337
3496,92.33,104.735
3497,97.37,102.6161
3498,99.54,99.84589
3499,95.93,99.96632
3500,103.4,100.3923
3501,102.5,99.33908
3502,104.11,101.5138
3503,97.69,103.3513
3504,85.43,103.8357
